headline,hotness,why_now,entities,sources,timeline,draft,dedup_group
ФРС: рынок пересматривает шансы на снижение ставок в декабре,0.85,Новые данные по инфляции и занятости показали ослабление давления — инвесторы начали закладывать вероятность смягчения политики.,"['Federal Reserve', 'США', 'ставки', 'инфляция']","['Reuters', 'Bloomberg', 'WSJ']",2025-10-04T13:00:00Z,"{'title': 'Рынок увеличил шансы снижения ставок ФРС к декабрю', 'lead': 'Снижение инфляционного давления и мягкие данные по занятости привели к пересмотру ожиданий инвесторов.', 'bullets': ['Фьючерсы Fed Funds повысили вероятность снижения до ~45%', 'Доходности 2-летних облигаций упали на 12 б.п.', 'Доллар заметно ослаб против корзины валют'], 'quote': '«Рынок теперь активно торгует позициями на смягчение политики», — отметил стратег.'}",fed_rate_expectations_oct2025
Apple — акции падают на новостях о замедлении продаж iPhone,0.78,Частичные отчёты розницы и данные по заказам поставщиков указали на снижение спроса в ключевых регионах.,"['Apple', 'AAPL', 'iPhone', 'поставщики']","['Bloomberg', 'Reuters']",2025-10-03T09:30:00Z,"{'title': 'Акции Apple корректируются после сигналов о слабом спросе на iPhone', 'lead': 'Поставщики сообщили о снижении заказов, что вызвало панические распродажи в секторе технологий.', 'bullets': ['Акции AAPL упали на 4% в ходе торгов', 'Поставщики сократили прогнозы поставок', 'Аналитики пересматривают оценки на квартал'], 'quote': '«Это не катастрофа, но сигнал к внимательности», — сказал аналитик из инвестиционного банка.'}",apple_sales_slowdown_oct2025
Нефть Brent дорожает после данных о снижении добычи в Ливии,0.72,"Оператор сообщил о простоях на нескольких месторождениях, что моментально отразилось на спотовых ценах нефти.","['Brent', 'нефть', 'Ливия', 'OPEC+']","['Reuters', 'Platts']",2025-10-04T06:00:00Z,"{'title': 'Brent подскочила на сообщениях о простоях в Ливии', 'lead': 'Ограничение поставок поддерживает цену нефти, инвесторы следят за дальнейшими перебоями.', 'bullets': ['Brent достигла $86/баррель', 'Рынок ожидает действий OPEC+', 'Акции нефтегазовых компаний выросли в ходе торгов'], 'quote': '«Короткие перебои быстро сказываются на цене», — отметил трейдер с Лондона.'}",oil_libya_supply_2025
Евро укрепился после пересмотра прогноза роста Германии,0.66,Министерство экономики Германии подняло прогноз на 2025 год — это улучшило ожидания по еврозоне в целом.,"['Еврозона', 'Германия', 'euro']","['Reuters', 'FT']",2025-10-04T08:30:00Z,"{'title': 'Евро растёт на фоне улучшения прогноза роста Германии', 'lead': 'Повышение оценки экономического роста в Германии поддержало европейскую валюту.', 'bullets': ['Министерство повысило прогноз до +0.2% в 2025', 'Инвесторы уменьшают ставку на дальнейшее ослабление экономики', 'Евро получает локальную поддержку против доллара'], 'quote': '«Это позитивный сигнал для корпоративных прибылей в Европе», — сказал экономист.'}",germany_growth_forecast_oct2025
IPO технологической компании отложено из-за волатильности рынка,0.55,"Рынок акций технологического сектора демонстрирует повышенную волатильность, что заставило эмитента отложить выход на рынок.","['IPO', 'технологии', 'биржа']","['Bloomberg', 'CNBC']",2025-10-03T12:00:00Z,"{'title': 'Ожидаемое IPO технологической компании перенесли', 'lead': 'Эмитент объяснил решение неблагоприятной рыночной конъюнктурой и волатильностью сектора.', 'bullets': ['Банки-андерайтеры согласились отложить листинг', 'Инвесторы предпочитают выждать стабильность на рынке', 'Новый срок будет объявлен позже'], 'quote': '«Мы предпочтём более благоприятное окно для выхода на биржу», — сказал представитель компании.'}",tech_ipo_delay_oct2025
Золото выросло на фоне бегства в защитные активы,0.62,На фоне геополитической неопределённости и снижения доходностей облигаций инвесторы увеличили спрос на золото.,"['золото', 'commodities', 'инвесторы']","['Reuters', 'Kitco']",2025-10-03T10:00:00Z,"{'title': 'Золото дорожает на волне спроса за убежище', 'lead': 'Инвесторы перебегают в металл на фоне повышенной неопределённости на рынках.', 'bullets': ['Цена золота превысила $2,120/oz', 'ETF-фонды увеличивают позиции', 'Фьючерсы показывают повышенный интерес'], 'quote': '«Золото вновь выполняет защитную функцию», — отметил портфельный менеджер.'}",gold_safe_haven_oct2025
Япония: новое руководство стимулирует ожидания ослабления иены,0.7,"Появились заявления о поддержке экспорта и экономического роста, рынки начали торговать на ослабление иены.","['Japan', 'Sanae Takaichi', 'yen', 'BOJ']","['Reuters', 'Nikkei']",2025-10-04T05:00:00Z,"{'title': 'Новый политический курс в Японии давит на иену', 'lead': 'Ожидания фискальных стимулов и смягчения политики укрепили оптимизм инвесторов по поводу экономики, но ослабили валюту.', 'bullets': ['Иена снизилась на 1.2% за сессию', 'Экспортёры получают временное преимущество', 'BOJ наблюдает за реакцией рынков'], 'quote': '«Политика поддерживает рост, но создаёт давление на валюту», — отметил валютный стратег.'}",japan_politics_yen_oct2025
Банк Англии: инфляция в Британии слабее ожиданий,0.6,Свежие данные по CPI вышли ниже консенсуса — рынки усилили ожидания о возможности смягчения монетарной политики.,"['Bank of England', 'UK', 'inflation']","['FT', 'BBC']",2025-10-03T07:30:00Z,"{'title': 'Инфляция в Британии ниже ожиданий — реакция рынков', 'lead': 'Ослабление инфляционного давления уменьшает вероятность дальнейшего ужесточения со стороны Банка Англии.', 'bullets': ['Потребительские цены выросли меньше прогнозов', 'Доходности гособлигаций снизились на фоне спроса', 'Инвесторы ожидают снижения ставок в будущем'], 'quote': '«Данные дают некоторую свободу для смягчения», — заявили в одном из аналитических домов.'}",uk_inflation_oct2025
Крипторынок: Bitcoin отскакивает после коррекции,0.58,Технический откат и покупки со стороны институционалов привели к восстановлению цены после падения.,"['Bitcoin', 'BTC', 'crypto', 'ETF']","['CoinDesk', 'Bloomberg']",2025-10-02T22:00:00Z,"{'title': 'Bitcoin частично восстановил потери после недавней коррекции', 'lead': 'Институциональный спрос и технический отскок поддерживают цену цифрового актива.', 'bullets': ['BTC прибавил 6% за сутки', 'Объём торгов вырос на 40%', 'ETF-инвесторы частично закрывают шорты'], 'quote': '«Рынок всё ещё под влиянием новостей по регуляции», — сказал криптоаналитик.'}",bitcoin_rebound_oct2025
Автопроизводители объявили о снижении производства из-за дефицита чипов,0.63,"Поставщики полупроводников сообщили о задержках поставок, что заставило автозаводы приостановить линии.","['automotive', 'semiconductors', 'supply chain']","['Reuters', 'Bloomberg']",2025-10-03T06:00:00Z,"{'title': 'Дефицит полупроводников тормозит производство авто', 'lead': 'Задержки со стороны ключевых поставщиков привели к сокращению смен на нескольких заводах.', 'bullets': ['Производство сократилось на 10–15% в ряде заводов', 'Поставки автомобилей задерживаются на недели', 'Компании ищут альтернативных поставщиков'], 'quote': '«Это очередной удар по восстановлению цепочек поставок», — заявил представитель отрасли.'}",auto_chip_shortage_oct2025
Goldman Sachs пересмотрел рейтинги банковского сектора,0.5,Аналитики обновили модели под влиянием изменения кривой доходностей и снижения прибыли от процентного маржа.,"['Goldman Sachs', 'banks', 'financials']","['Bloomberg', 'WSJ']",2025-10-02T14:00:00Z,"{'title': 'Goldman Sachs обновил оценки по банковским акциям', 'lead': 'Изменение кривой доходности и давление на маржи заставило аналитиков снизить целевые показатели.', 'bullets': ['Несколько банков получили пониженные рекомендации', 'Инвесторы заняли выжидательные позиции', 'Риски кредитного цикла остаются в поле зрения'], 'quote': '«Пересматривание оценок — реакция на новую макрокартину», — отмечают в GS.'}",gs_bank_ratings_oct2025
Amazon анонсировала крупные инвестиции в логистику Европы,0.54,Компания объявила о расширении складской сети и инвестициях в ускоренную доставку — это может изменить конкурентную динамику на рынке e-commerce.,"['Amazon', 'AMZN', 'logistics', 'Europe']","['Reuters', 'FT']",2025-10-03T09:00:00Z,"{'title': 'Amazon увеличивает ставки в логистике Европы', 'lead': 'Инвестиции в инфраструктуру призваны улучшить скорость доставки и удержать конкурентное преимущество.', 'bullets': ['План включает 10 новых логистических центров', 'Инвестиции оцениваются в сотни миллионов евро', 'Местные игроки готовятся к усиленной конкуренции'], 'quote': '«Это часть стратегии по улучшению клиентского опыта», — сказал представитель Amazon.'}",amazon_logistics_europe_2025
Китай расширяет стимулы для сектора недвижимости,0.68,"Регуляторы анонсировали новые меры поддержки, чтобы стабилизировать рынок жилья и банковский сектор.","['China', 'real estate', 'PBOC']","['Reuters', 'SCMP']",2025-10-03T02:00:00Z,"{'title': 'Китай вводит дополнительные стимулы для недвижимости', 'lead': 'Меры направлены на восстановление спроса и снижение долговой нагрузки застройщиков.', 'bullets': ['Ставки по ипотеке могут быть снижены в ряде провинций', 'Государственные фонды готовы поддержать проблемные активы', 'Ожидается повышение кредитования жилья'], 'quote': '«Цель — восстановить доверие на рынке недвижимости», — заявил чиновник.'}",china_real_estate_stimulus_oct2025
Европейские индексы обновляют рекорды на фоне оптимизма по AI,0.57,Растущие ожидания прибыли от инвестиций в AI подтолкнули технологические и промышленные сектора вверх.,"['Europe', 'AI', 'stocks', 'indices']","['FT', 'Reuters']",2025-10-02T15:30:00Z,"{'title': 'Европа обновляет рекорды на волне AI-оптимизма', 'lead': 'Инвестиции и прогнозы по прибыли в секторах, связанных с искусственным интеллектом, поддерживают рыночный рост.', 'bullets': ['IT и промышленность ведут рост', 'Инвесторы перевыделяют капитал в сектора с экспозицией на AI', 'Потенциальные побочные эффекты — перегретые оценки'], 'quote': '«AI-рандеву дал толчок и европейским акциям», — комментирует эксперт.'}",europe_ai_rally_oct2025
Рынок труда США: данные по безработице оказались смешанными,0.59,"Недавние отчёты показали замедление создания рабочих мест, но рост участия — смешанные сигналы для денежно-кредитной политики.","['US', 'employment', 'jobs data']","['BLS', 'Reuters']",2025-10-03T13:30:00Z,"{'title': 'Смешанные сигналы с рынка труда США усложняют прогнозы по ставкам', 'lead': 'Замедление найма и рост участия создают неопределённость в оценках инфляционного давления.', 'bullets': ['Рост числа временно безработных', 'Занятость в сервисах остаётся устойчивой', 'Рынок труда смещается в сторону большей гибкости'], 'quote': '«Данные не дают однозначного сигнала ФРС», — считает экономист.'}",us_jobs_mixed_oct2025
Технологический ETF собрал рекордный приток средств за неделю,0.53,"Интерес институционалов к компаниям с AI-экспозицией вырос, что привело к крупным вливаниям в ETF-фонды.","['ETF', 'technology', 'AI', 'fund flows']","['Bloomberg', 'ETF.com']",2025-10-02T18:00:00Z,"{'title': 'Технологические ETF фиксируют рекордный приток капиталов', 'lead': 'Позиции в фондах, ориентированных на AI и полупроводники, существенно выросли за неделю.', 'bullets': ['Приток средств превысил $4 млрд', 'Большая часть средств направлена в крупные ETF-поставщики', 'Растёт концентрация капитала в нескольких лидерах сектора'], 'quote': '«Инвесторы покупают идеи, связанные с генеративным AI», — отметил стратег.'}",tech_etf_flows_oct2025
Компании сектора здравоохранения показывают рост на новостях о договорах,0.48,Несколько крупных контрактов на поставку медикаментов и технологий для клиник были анонсированы в последние 48 часов.,"['healthcare', 'pharma', 'contracts']","['Reuters', 'Bloomberg']",2025-10-03T07:00:00Z,"{'title': 'Здравоохранение получает импульс от новых контрактов', 'lead': 'Договоры по поставкам и партнёрствам поддержали ожидания по росту выручки у ряда игроков.', 'bullets': ['Некоторые контракты долгосрочные и на значительные суммы', 'Ожидается положительное влияние на квартальные показатели', 'Инвесторы положительно отреагировали на новости'], 'quote': '«Это укрепляет перспективы сектора в краткосрочной перспективе», — сказал аналитик.'}",healthcare_contracts_oct2025
ETF на высокодоходные облигации фиксируют оттоки,0.46,Инвесторы уменьшают риск-экспозицию на фоне опасений рецессии и ухудшения корпоративного кредитного качества.,"['high yield', 'junk bonds', 'ETF flows']","['Bloomberg', 'Morningstar']",2025-10-03T10:00:00Z,"{'title': 'Инвесторы выводят средства из ETF-ов высокодоходных облигаций', 'lead': 'Рост риска макроэкономической слабости вынуждает часть институционалов уменьшать позицию в рисковых долгах.', 'bullets': ['Оттоки составили сотни миллионов долларов', 'Спреды по высокодоходным облигациям расширились', 'Растут продажи в секторах с ухудшающимся профилем кредитного риска'], 'quote': '«Рынок ищет убежище в высококачественных активах», — отметил портфельный менеджер.'}",hy_etf_outflows_oct2025
Акции Microsoft обновляют рекорды на фоне сильных корпоративных заявлений,0.61,Компания объявила о расширении cloud/AI-продуктов и улучшении прогнозов выручки.,"['Microsoft', 'MSFT', 'cloud', 'AI']","['Reuters', 'CNBC']",2025-10-02T12:00:00Z,"{'title': 'Microsoft растёт на фоне позитивных новостей по облаку и AI', 'lead': 'Расширение продуктовой линейки и улучшенные прогнозы поддерживают бума в акциях технологического гиганта.', 'bullets': ['Прогноз выручки пересмотрен в сторону повышения', 'Клиенты отмечают улучшение интеграции AI-моделей', 'Акции пробили локальный рекорд'], 'quote': '«Мы видим устойчивый спрос на корпоративные AI-решения», — заявил CEO.'}",microsoft_ai_growth_oct2025
Emerging markets: поток капитала смещается в сторону Азии,0.52,Снижение геополитических рисков и улучшение макроэкономики в ряде азиатских стран привлекают институционалов.,"['EM', 'Asia', 'capital flows']","['FT', 'Reuters']",2025-10-02T07:00:00Z,"{'title': 'Инвесторы перераспределяют капитал в пользу азиатских развивающихся рынков', 'lead': 'Растущий оптимизм по регионам Азии стимулирует приток средств в локальные акции и облигации.', 'bullets': ['Приток капитала в EM-фонды стабильно растёт', 'Риски остаются в области курсов валют и политической нестабильности', 'Инвесторы фокусируются на секторах с долгосрочным потенциалом'], 'quote': '«Азиатские рынки снова в фаворе у глобальных фондов», — сказал управляющий активами.'}",em_asia_flows_oct2025
Airlines cut capacity as fuel costs остаются нестабильными,0.49,"Фьючерсы на керосин демонстрируют волатильность, авиакомпании корректируют расписание и цены на билеты.","['airlines', 'fuel', 'jet fuel', 'travel industry']","['Reuters', 'IATA']",2025-10-03T05:00:00Z,"{'title': 'Авиакомпании сокращают вместимость на фоне нестабильных цен на топливо', 'lead': 'Рост и непредсказуемость цен на керосин заставляют перевозчиков оптимизировать чартеры и маршруты.', 'bullets': ['Некоторые международные рейсы сокращены на 10–15%', 'Перевозчики пересматривают тарифы', 'Потенциал для дальнейшего роста цен на билеты'], 'quote': '«Топливо остаётся ключевым фактором рентабельности», — сказал исполнительный директор авиакомпании.'}",airlines_capacity_fuel_oct2025
Retail: продажи онлайн-ритейлеров растут перед праздничным сезоном,0.47,"Предзаказы и промо-кампании крупных платформ показывают рост спроса, что даёт сигнал логистике и складам.","['retail', 'ecommerce', 'sales']","['CNBC', 'Reuters']",2025-10-02T08:00:00Z,"{'title': 'Онлайн-продажи набирают обороты перед праздниками', 'lead': 'Ритейлеры фиксируют рост предзаказов, активизируя запасы и логистику.', 'bullets': ['Увеличение объёма складских операций', 'Скидочные кампании планируются раньше', 'Рост спроса на определённые категории (электроника, игрушки)'], 'quote': '«Потребители начинают сезон заранее», — отметили в крупном маркетплейсе.'}",retail_preseason_oct2025
Финтех-стартап привлёк крупный раунд финансирования,0.44,Инвесторы увеличили интерес к решениям по оптимизации платежей и кредитования SMB.,"['fintech', 'funding', 'startups']","['TechCrunch', 'Bloomberg']",2025-10-03T11:00:00Z,"{'title': 'Fintech привлёк крупный раунд на фоне интереса к платежным решениям', 'lead': 'Рыночный спрос на оптимизацию платежей и кредитных продуктов для малого бизнеса подогрел приток капитала.', 'bullets': ['Раунд серии C на сумму $120M', 'Инвесторы — крупные венчурные фонды и стратегические партнёры', 'Планируется расширение на новые рынки'], 'quote': '«Наша технология решает боль для тысяч SMB», — сказал основатель.'}",fintech_funding_oct2025
Сырьё: цены на медь растут на ожиданиях спроса в Китае,0.51,Аналитики отмечают восстановление промышленной активности и спроса на проводящие материалы для инфраструктурных проектов.,"['copper', 'commodities', 'China']","['Reuters', 'Metal Bulletin']",2025-10-02T06:00:00Z,"{'title': 'Медь дорожает на фоне ожиданий роста спроса в Китае', 'lead': 'Плановые инфраструктурные проекты и восстановление промышленности усиливают спрос на проводящие металлы.', 'bullets': ['Фьючерсы на медь поднялись на несколько процентов', 'Производители увеличивают заказы у переработчиков', 'Инвесторы отслеживают запасы в ключевых хранилищах'], 'quote': '«Спрос на медь остаётся сильным благодаря инфраструктурным планам», — сообщил аналитик.'}",copper_china_demand_oct2025
Инфляционные ожидания в Канаде снизились после отчёта по CPI,0.45,CPI вышел чуть ниже ожиданий — рынки скорректировали ставки и доходности гособлигаций.,"['Canada', 'inflation', 'CPI']","['CBC', 'Reuters']",2025-10-03T13:30:00Z,"{'title': 'Инфляционные ожидания в Канаде умеренно снизились', 'lead': 'Ниже прогнозируемые данные по CPI поддержали идею о стабилизации ценового давления в стране.', 'bullets': ['CPI немного ниже консенсуса', 'Банк Канады получает пространство для манёвра', 'Канадский доллар слегка укрепился'], 'quote': '«Данные дают пространство для оценки дальнейшего денежно-кредитного курса», — заявил экономист.'}",canada_cpi_oct2025
Retail bank reports surge in deposits amid market турбулентности,0.42,"Клиенты переводят средства в крупные банки, опасаясь рыночных рисков — это отражается на ликвидности региональных учреждений.","['banks', 'deposits', 'liquidity']","['WSJ', 'Reuters']",2025-10-02T14:00:00Z,"{'title': 'Приток депозитов в крупные банки усилился на фоне волатильности', 'lead': 'Часть клиентов перебросила средства в системно-важные банки, опасаясь рисков в меньших учреждениях.', 'bullets': ['Увеличение депозитов у крупных банков', 'Региональные банки испытывают отток', 'Регуляторы внимательно следят за ликвидностью'], 'quote': '«Клиенты ищут безопасность в проверенных институтах», — отметил банкир.'}",deposit_shift_oct2025
Торговые войны: США и ЕС обсуждают новые тарифные механизмы,0.5,Переговоры и возможность введения новых мер создают неопределённость для экспортеров и международных цепочек поставок.,"['US', 'EU', 'tariffs', 'trade']","['FT', 'Reuters']",2025-10-03T09:00:00Z,"{'title': 'Новые торговые переговоры США и ЕС повышают риски в глобальной торговле', 'lead': 'Возможные тарифы и регуляторные меры усиливают неопределённость для экспортеров.', 'bullets': ['Обсуждаются сектора высокотехнологичных экспортов', 'Компании готовят планы снижения риска в цепях поставок', 'Могут появиться краткосрочные колебания курсов валют'], 'quote': '«Торговая политика по-прежнему ключевой внешний риск для корпоративных прибылей», — сказал эксперт.'}",us_eu_trade_talks_oct2025
Китайский внутренний спрос поддерживает акции потребительского сектора,0.48,Сильные розничные продажи и восстановление туризма благоприятно сказались на локальных брендах.,"['China', 'consumers', 'retail']","['SCMP', 'Reuters']",2025-10-02T03:00:00Z,"{'title': 'Потребительский сектор Китая растёт на фоне оживления внутреннего спроса', 'lead': 'Рост розничных продаж поддерживается туристической активностью и локальными промо-кампаниями.', 'bullets': ['Розничные продажи опережают ожидания', 'Ритейлеры увеличивают маркетинговые бюджеты', 'Местные бренды получают преимущество'], 'quote': '«Внутренний спрос снова в центре внимания экономики Китая», — отметил аналитик.'}",china_consumption_oct2025
Поставщик чипов сообщает о задержках в производстве — акции падают,0.56,Временные сбои на фабрике и логистические проблемы повлияли на поставки ключевых компонентов.,"['semiconductor', 'supplier', 'supply chain']","['Bloomberg', 'Reuters']",2025-10-03T04:00:00Z,"{'title': 'Проблемы у производителя чипов вызвали коррекцию акций', 'lead': 'Задержки поставок поставили под вопрос сроки выпуска новых устройств у производителей-заказчиков.', 'bullets': ['Производство сократилось на 20% на одной из линий', 'Клиенты ожидают перенастройки графиков поставок', 'Аналитики оценивают финансовое влияние на квартал'], 'quote': '«Это временная задержка, но она бьёт по цепочке поставок», — сказал источник.'}",chip_supplier_delay_oct2025
Инвестиции в возобновляемую энергетику растут на фоне новых субсидий,0.47,"Правительства ряда стран объявили поддержку проектов по солнечной и ветровой энергии, что привело к притоку капитала.","['renewables', 'solar', 'wind', 'subsidies']","['Reuters', 'Bloomberg']",2025-10-03T07:00:00Z,"{'title': 'Государственные субсидии стимулируют приток инвестиций в зелёную энергетику', 'lead': 'Проекты по возобновляемой энергетике получают дополнительное финансирование, ускоряя внедрение чистых технологий.', 'bullets': ['Увеличение числа аукционов и тендеров', 'Частные инвесторы участвуют активнее', 'Ожидается рост числа крупных инфраструктурных проектов'], 'quote': '«Это важный стимул для перехода к чистой энергетике», — заявил министр.'}",renewables_subsidy_oct2025
Biotech startup reports breakthrough in clinical trials — shares soar,0.64,Успешные результаты фазы 2 привели к резкому перераспределению ожиданий по коммерциализации препарата.,"['biotech', 'clinical trials', 'drug development']","['Nature', 'Bloomberg']",2025-10-02T14:00:00Z,"{'title': 'Биотех-стартап добился прорыва в клинических испытаниях', 'lead': 'Результаты фазы 2 показали убедительную эффективность препарата, что укрепляет перспективы коммерциализации.', 'bullets': ['Участники исследования показали значимое улучшение', 'Компания планирует фазу 3 и ищет партнёров', 'Инвесторы резко увеличили интерес к акциям'], 'quote': '«Это серьезный шаг к потенциальному одобрению препарата», — прокомментировал ведущий исследователь.'}",biotech_trial_breakthrough_oct2025
Retail bank upgrades digital offerings — клиентский рост ускорился,0.43,Запуск новой мобильной платформы привёл к увеличению числа активных пользователей и снижению оттока.,"['banking', 'digital', 'customers']","['Finextra', 'Reuters']",2025-10-02T09:00:00Z,"{'title': 'Банк усилил цифровое предложение и привлёк новых клиентов', 'lead': 'Новая платформа улучшила пользовательский опыт и увеличила скорость обслуживания.', 'bullets': ['Активные пользователи выросли на 18%', 'Снижение звонков в кол-центр на 25%', 'Планируются дополнительные функциональные обновления'], 'quote': '«Цифровизация — ключ к удержанию клиентов», — сказал CTO банка.'}",bank_digital_launch_oct2025
Raw materials: lumber prices корректируются после бума,0.4,"Спрос на жильё замедляется после всплеска строительства, что давит на цены на пиломатериалы.","['lumber', 'commodities', 'construction']","['Reuters', 'MarketWatch']",2025-10-02T10:00:00Z,"{'title': 'Цены на пиломатериалы снижаются после всплеска строительства', 'lead': 'Снижение темпов возведения новых домов уменьшило давление на поставки древесины и привело к коррекции цен.', 'bullets': ['Цены упали на 6% за неделю', 'Производители оптимизируют производство', 'Ожидается стабилизация в ближайшие месяцы'], 'quote': '«Это нормализация после значительного роста», — сказал аналитик рынка сырья.'}",lumber_price_correction_oct2025
Private equity увеличивает активность в секторе логистики,0.46,Интерес к логистическим активам вырос на фоне растущего e-commerce и потребности компаний в оптимизации цепочки поставок.,"['private equity', 'logistics', 'M&A']","['Reuters', 'PE Hub']",2025-10-02T11:00:00Z,"{'title': 'PE-фонды усиливают покупки в секторе логистики', 'lead': 'Спрос на складские и распределительные активы поддерживается драйверами электронной коммерции.', 'bullets': ['Несколько крупных сделок находятся на финальной стадии', 'Ожидается рост цен на качественные логистические площадки', 'Фонды предлагают долгосрочное управление активами'], 'quote': '«Логистика — один из наиболее привлекательных секторов для инвестиций», — отметил управляющий фондом.'}",pe_logistics_oct2025
Telecom operator reports faster 5G rollout — capex rises,0.41,Компания объявила ускорение ввода 5G-базовых станций в ответ на конкуренцию и спрос на пропускную способность.,"['telecom', '5G', 'capex']","['Light Reading', 'Reuters']",2025-10-02T08:00:00Z,"{'title': 'Оператор связи ускоряет развёртывание 5G, увеличивая CAPEX', 'lead': 'Инвестиции в инфраструктуру необходимы для сохранения конкурентоспособности и удовлетворения растущего трафика.', 'bullets': ['CAPEX увеличится на 15% в следующем году', 'Ожидается улучшение качества мобильного интернета', 'Компания обсуждает партнёрства по инфраструктуре'], 'quote': '«Инвестиции в 5G — ключ к будущему роста», — сказал CEO.'}",telecom_5g_rollout_oct2025
Снижение спредов кредитных дефолтных свопов указывает на улучшение рискового аппетита,0.39,Рынок CDS сжал спреды на корпоративные бумаги на фоне улучшения макроэкономических ожиданий.,"['CDS', 'credit spreads', 'corporate bonds']","['Bloomberg', 'Reuters']",2025-10-02T14:30:00Z,"{'title': 'Спреды CDS сжимаются на фоне улучшения аппетита к риску', 'lead': 'Инвесторы увеличивают экспозицию в корпоративные долги, снижая страховые премии в CDS.', 'bullets': ['Спреды упали в среднем на 10–15 б.п.', 'Особенно заметно сужение в секторе технологий', 'Аналитики отмечают снижение премии за риск'], 'quote': '«Рынок кредитов восстанавливает доверие», — прокомментировал стратег.'}",cds_spread_narrowing_oct2025
Luxury goods: demand rebounds на фоне туристического восстановления,0.44,"Возвращение международных поездок поддерживает продажи в сегменте люкса, особенно в Европе и Азии.","['luxury', 'tourism', 'retail']","['FT', 'Bloomberg']",2025-10-02T10:00:00Z,"{'title': 'Сектор люкса получает импульс от восстановления туризма', 'lead': 'Сильные показатели в туристических хабах поддерживают рост продаж брендов премиального сегмента.', 'bullets': ['Рост продаж в магазинах duty-free и флагманах', 'Потребители из Азии снова активны на европейских рынках', 'Компании расширяют ассортимент и каналы продаж'], 'quote': '«Туризм возвращает доходы люксовому ретейлу», — сказал аналитик.'}",luxury_recovery_oct2025
Bankruptcy filings tick up in Q3 among small businesses,0.37,Рост долговой нагрузки и повышение стоимости финансирования давят на небольшие компании.,"['bankruptcy', 'SMB', 'credit']","['Bloomberg', 'Morningstar']",2025-10-01T09:00:00Z,"{'title': 'Число банкротств среди малого бизнеса выросло в третьем квартале', 'lead': 'Финансовое давление и рост процентных расходов привели к увеличению числа заявлений о банкротстве.', 'bullets': ['Наиболее уязвимы отрасли услуг и розницы', 'Система кредитования ужесточается для малых предприятий', 'Региональные различия значительны'], 'quote': '«Мы видим симптомы финансового стресса у ряда малых компаний», — отметил эксперт.'}",smb_bankruptcies_q3_2025
Energy stocks под давлением из-за опасений рецессии в промышленности,0.43,Ожидания снижения промышленного спроса на энергию вынуждают инвесторов сократить позиции в энергоносителях.,"['energy', 'industrial demand', 'stocks']","['Reuters', 'Bloomberg']",2025-10-02T13:00:00Z,"{'title': 'Энергетические акции теряют позиции на фоне опасений по спросу', 'lead': 'Падение промышленной активности отразилось на прогнозах потребления энергии.', 'bullets': ['Компании сокращают капитальные расходы', 'Инвесторы уменьшают экспозиции в секторе', 'Снижение цен на спотовом рынке энергоносителей'], 'quote': '«Спрос со стороны промышленности — ключевой драйвер для энергетиков», — сказал аналитик.'}",energy_weakness_oct2025
Pharma giant закрывает сделку по покупке биотеха,0.6,Стратегическое поглощение укрепит продуктовую линейку и портфель инноваций компании-покупателя.,"['pharma', 'M&A', 'acquisition']","['Reuters', 'Bloomberg']",2025-10-03T07:00:00Z,"{'title': 'Крупный фарм-игрок завершил поглощение биотеха', 'lead': 'Сделка направлена на укрепление портфеля онкологических и редких препаратов.', 'bullets': ['Сумма сделки — несколько миллиардов долларов', 'Ожидается синергия в R&D и продажах', 'Регуляторы изучают условия объединения'], 'quote': '«Это стратегический шаг для долгосрочного роста», — заявил CEO покупающей компании.'}",pharma_acquisition_oct2025
Real estate REIT reports improved occupancy rates,0.38,Снижение арендных ставок стабилизировало спрос на офисные и складские площади в ключевых регионах.,"['REIT', 'real estate', 'occupancy']","['MarketWatch', 'Reuters']",2025-10-02T09:00:00Z,"{'title': 'REIT отмечает рост уровня заполняемости объектов', 'lead': 'Улучшение заполненности портфеля указывает на восстановление спроса на коммерческую недвижимость.', 'bullets': ['Уровень заполняемости вырос на 120 б.п.', 'Особенно сильный рост в складском сегменте', 'Долгосрочная устойчивость данных пока обсуждается'], 'quote': '«Показывают первые признаки стабилизации на рынке коммерческой недвижимости», — сообщил аналитик.'}",reit_occupancy_oct2025
Consumer confidence edges up despite rate concerns,0.36,"Потребительский оптимизм слегка вырос, хотя уровень процентных ставок остаётся фактором неопределённости.","['consumer confidence', 'sentiment', 'consumers']","['Conference Board', 'Reuters']",2025-10-02T14:00:00Z,"{'title': 'Потребительское доверие немного укрепилось', 'lead': 'Улучшение ожиданий по доходам поддерживает потребительские расходы, но ставки остаются источником риска.', 'bullets': ['Индекс вырос на незначительный процент', 'Потребители отмечают рост реальных доходов', 'Часть домохозяйств сохраняет осторожность'], 'quote': '«Оптимизм уступает место осторожности из-за ставок», — комментирует экономист.'}",consumer_confidence_oct2025
Industrial metals: nickel rallies on battery demand forecasts,0.5,Прогнозы по спросу для аккумуляторного сектора подогрели интерес к никелю и связанным активам.,"['nickel', 'battery', 'EV', 'commodities']","['Metal Bulletin', 'Reuters']",2025-10-02T06:30:00Z,"{'title': 'Никель дорожает на фоне роста спроса от сектора аккумуляторов', 'lead': 'Увеличение спроса на литий-ионные батареи повышает интерес к металлам для производства аккумуляторов.', 'bullets': ['Производители батарей увеличивают заказы', 'Фьючерсы на никель выросли на 4%', 'Инвесторы рассматривают металл как стратегический ресурс'], 'quote': '«Никель остаётся ключевым элементом для перехода на EV», — отметил аналитик.'}",nickel_battery_demand_oct2025
Small cap indexes underperform as risk-on mood cools,0.41,"Инвесторы переносят капитал в крупные защитные названия, что давит на малые компании.","['small cap', 'indices', 'market breadth']","['Reuters', 'Bloomberg']",2025-10-02T15:00:00Z,"{'title': 'Индексы малой капитализации отстают от рынка', 'lead': 'Смена настроений на рынке приведёт к перераспределению капитала в сторону крупных, более устойчивых компаний.', 'bullets': ['Small cap снизились на 2–3%', 'Инвесторы снижают экспозицию к рискованным названиям', 'Ширина рынка сокращается'], 'quote': '«Это нормальная ротация капитала при чуть более осторожном настроении», — пояснил стратег.'}",smallcap_underperformance_oct2025
"Logistics bottlenecks ease, supporting manufacturing deliveries",0.35,Снижение времени доставки контейнеров улучшило доступность комплектующих для производств.,"['logistics', 'manufacturing', 'shipping']","['Container News', 'Reuters']",2025-10-02T07:00:00Z,"{'title': 'Снижение логистических узких мест поддерживает производство', 'lead': 'Улучшение логистики помогает сократить задержки в поставках и ускоряет выпуск готовой продукции.', 'bullets': ['Сократилось среднее время доставки контейнера', 'Заводы сокращают простои по причине нехватки деталей', 'Рынки рассчитывают на стабильнее цепочки поставок'], 'quote': '«Эффект уже начинает сказываться на производственных графиках», — отметил менеджер по снабжению.'}",logistics_ease_oct2025
Retailers test dynamic pricing ahead of peak season,0.34,Технологии динамического рейсинга позволяют ретейлерам быстрее реагировать на спрос и конкуренцию.,"['retail', 'dynamic pricing', 'technology']","['TechCrunch', 'Retail Dive']",2025-10-02T10:00:00Z,"{'title': 'Ритейлеры внедряют динамическое ценообразование перед пиком продаж', 'lead': 'Тестовые программы показывают способность увеличивать маржу и управлять запасами в реальном времени.', 'bullets': ['Динамические алгоритмы корректируют цены по часам', 'Увеличение доходности по акциям и товарам', 'Потребители реагируют по-разному на частые изменения цен'], 'quote': '«Алгоритмы дают конкурентное преимущество в пиковые периоды», — отметил директор по продукту.'}",retail_dynamic_pricing_oct2025
Insurance sector: claims trend stabilizes после экстремальных событий,0.33,"Период повышенных выплат завершился, что даёт страховщикам возможность скорректировать резервы.","['insurance', 'claims', 'reserves']","['Insurance Journal', 'Reuters']",2025-10-01T09:00:00Z,"{'title': 'Тренд выплат по страховым случаям стабилизируется', 'lead': 'Снижение частоты крупных выплат улучшает видимость прибыли у страховых компаний.', 'bullets': ['Частота крупных выплат сократилась', 'Резервы корректируются в сторону снижения', 'Рынок ожидает стабилизации показателей'], 'quote': '«Это даёт пространство для улучшения маржи в следующем квартале», — отметил аналитик.'}",insurance_claims_stabilize_oct2025
Utilities: спрос на электроэнергию растёт из-за резких холодов в регионе,0.36,Необычно раннее понижение температуры увеличило потребление электроэнергии и спрос на газ для генерации.,"['utilities', 'energy demand', 'weather']","['Reuters', 'Local Weather Service']",2025-10-02T05:00:00Z,"{'title': 'Ранние холода поднимают спрос на электроэнергию и газ', 'lead': 'Увеличение потребления приводит к краткосрочному давлению на тарифы и баланс поставок.', 'bullets': ['Повышение дневного потребления на 6–8%', 'Резервы газа используются активнее', 'Операторы усиливают меры по стабилизации сети'], 'quote': '«Погода внезапно стала драйвером спроса», — заметил специалист по энергорынку.'}",utilities_weather_demand_oct2025
Consumer tech: wearables boom продолжает поддерживать производителей,0.39,"Новые модели и функционал увеличивают спрос, особенно в сегменте здоровья и фитнеса.","['wearables', 'consumer tech', 'health']","['The Verge', 'Bloomberg']",2025-10-02T10:00:00Z,"{'title': 'Сегмент носимых устройств остаётся драйвером продаж в техсекторе', 'lead': 'Фокус на здоровье и интеграции с AI-сервисами повышает привлекательность устройств.', 'bullets': ['Рост предзаказов на новые модели', 'Увеличение выручки у производителей аксессуаров', 'Интеграция с медицинскими приложениями набирает обороты'], 'quote': '«Wearables продемонстрировали новый виток роста», — отметил аналитик отрасли.'}",wearables_growth_oct2025
Metals recycling: инвесторы привлекают деньги в устойчивые проекты,0.31,Рост цен на сырьё и регуляторный фокус на ESG сделали проекты по переработке более привлекательными для капитала.,"['recycling', 'metals', 'ESG', 'investment']","['Reuters', 'Financial Times']",2025-10-02T09:30:00Z,"{'title': 'Инвестиции в переработку металлов растут на фоне ESG-давления', 'lead': 'Фонды и корпоративные инвесторы вкладываются в устойчивые цепочки поставок и переработку материалов.', 'bullets': ['Новые фонды привлекли десятки миллионов', 'Проекты сфокусированы на медь и литий', 'Поддержка со стороны регуляторов в отдельных юрисдикциях'], 'quote': '«Переработка становится не только экологической, но и экономической необходимостью», — сказал инвестор.'}",metals_recycling_investment_oct2025
Retail payrolls show modest hiring ahead of holidays,0.3,"Ритейлеры начали сезонный набор персонала, отражая ожидания роста продаж в четвертом квартале.","['retail', 'payrolls', 'hiring']","['BLS', 'Reuters']",2025-10-02T13:00:00Z,"{'title': 'Ритейлеры начинают сезонный найм перед праздниками', 'lead': 'Модестное восстановление в занятости позволяет подготовиться к пику продаж в конце года.', 'bullets': ['Найм преимущественно в логистике и точках продаж', 'Повышение временной занятости на 4–6%', 'Некоторые сети предлагают бонусы за подписание контракта'], 'quote': '«Сезонный найм начался раньше обычного», — отметил HR-директор крупной сети.'}",retail_hiring_oct2025
Tech supply chain: software updates вызывают массовые откаты на устройствах,0.29,"Ошибки в обновлениях ПО вынудили производителей откатить релизы, что задерживает продажи новых устройств.","['software', 'supply chain', 'devices']","['The Verge', 'Reuters']",2025-10-01T22:00:00Z,"{'title': 'Ошибки в ПО приводят к откату обновлений и задержке продаж устройств', 'lead': 'Технические проблемы в последних сборках заставляют производителей пересмотреть планы релизов.', 'bullets': ['Некоторые модели временно сняты с продажи', 'Поставщики обновляют прошивки на складах', 'Потенциальное влияние на квартальные цифры'], 'quote': '«Мы работаем над быстрым решением проблемы», — заявил представитель производителя.'}",software_update_rollback_oct2025
Currency flows: capital moves to safe havens amid geopolitical noise,0.32,Усиление геополитической риторики в нескольких регионах заставило инвесторов увеличивать долю активов-убежищ.,"['FX', 'safe haven', 'gold', 'CHF']","['Reuters', 'Bloomberg']",2025-10-02T05:00:00Z,"{'title': 'Капитал перемещается в активы-убежища на фоне геополитики', 'lead': 'Инвесторы временно минимизируют риск-экспозицию, переводя средства в золото и стабильные валюты.', 'bullets': ['Рост спроса на CHF и JPY', 'Золото получает притоки в ETF', 'Риск-коррекция может оказаться краткосрочной'], 'quote': '«В периоды неопределённости убежища снова в цене», — отметил стратег.'}",safe_haven_flows_oct2025
Payments: new regulation ускорит внедрение Open Banking,0.35,"Регуляторы анонсировали требования к совместимости и обмену данных, что откроет рынок для новых игроков.","['payments', 'open banking', 'regulation']","['FT', 'Reuters']",2025-10-02T08:00:00Z,"{'title': 'Новые правила ускорят внедрение Open Banking', 'lead': 'Проект регуляции требует взаимодействия и обмена данными между банками и финтехами.', 'bullets': ['Ожидается рост конкуренции среди провайдеров платежей', 'Улучшится удобство для клиентов', 'Вопросы безопасности остаются в фокусе'], 'quote': '«Это увеличит доступ к финансовым сервисам», — считает регулятор.'}",open_banking_regulation_oct2025
Commodities: soy futures падают на новостях о благоприятных урожаях,0.28,"Прогнозы урожая улучшились, что уменьшает давление на продовольственные цены.","['soy', 'agriculture', 'commodities']","['Reuters', 'USDA']",2025-10-01T07:00:00Z,"{'title': 'Фьючерсы на сою падают на фоне улучшения прогноза урожая', 'lead': 'Более оптимистичные оценки производства приводят к снижению цен на аграрные товары.', 'bullets': ['Ожидаемое увеличение производства', 'Избыток предложения снижает цены', 'Фермеры и трейдеры корректируют планы поставок'], 'quote': '«Рынок реагирует на реальные данные по урожаю», — сказал аналитик.'}",soy_harvest_forecast_oct2025
Manufacturing PMI показывает умеренное улучшение в еврозоне,0.34,Рост индекса указывает на восстановление деловой активности в промсекторе после периода стагнации.,"['PMI', 'manufacturing', 'eurozone']","['IHS Markit', 'FT']",2025-10-01T08:00:00Z,"{'title': 'PMI еврозоны демонстрирует признаки оживления промышленности', 'lead': 'Рост показателя поддерживает идею о постепенном восстановлении экономики региона.', 'bullets': ['Индекс превысил отметку 50 в нескольких странах', 'Производственные заказы показывают рост', 'Инвесторы отмечают устойчивость в экспортных секторах'], 'quote': '«Это важный положительный сигнал для еврозоны», — заявил экономист.'}",eurozone_pmi_improve_oct2025
Consumer electronics retailer reports supply normalisation,0.27,"Проблемы поставок устройств снизились, что позволяет сети восстановить ассортимент и акции.","['electronics', 'retailer', 'supply']","['Reuters', 'Company press release']",2025-09-30T12:00:00Z,"{'title': 'Ритейлер электроники отмечает нормализацию поставок', 'lead': 'Восстановление цепочек поставок помогает улучшить ассортимент и продажи в сети.', 'bullets': ['Ассортимент вернулся к докризисным уровням', 'Снижение дефицита популярных моделей', 'Увеличение клиентского трафика в магазинах'], 'quote': '«Поставки возвращаются в привычный ритм», — сказал директор по закупкам.'}",electronics_retail_supply_normal_oct2025
Sovereign bonds: spreads tighten для периферийных еврозон стран,0.33,Улучшение макроэкономических показателей и приток капитала в еврозону снизили премии к риску.,"['sovereign bonds', 'Eurozone periphery', 'spreads']","['Reuters', 'Bloomberg']",2025-10-01T10:00:00Z,"{'title': 'Спреды по суверенным бондам периферии еврозоны снижаются', 'lead': 'Снижение риска и рост доверия инвесторов способствуют ужесточению доходностей по долговым бумагам.', 'bullets': ['Спреды упали на 15–30 б.п. в ряде стран', 'Инвесторы возвращаются в рисковые активы региона', 'Возможны новые эмиссии при благоприятных условиях'], 'quote': '«Это отражение улучшения макро-фона», — прокомментировал стратег.'}",eur_periphery_spread_tightening_oct2025
Media: streaming platforms объявили о росте подписчиков,0.29,Новые контент-линии и локализация помогли нескольким платформам привлечь пользователей в третьем квартале.,"['streaming', 'subscriptions', 'media']","['Variety', 'Reuters']",2025-10-01T15:00:00Z,"{'title': 'Стриминговые платформы демонстрируют рост числа подписчиков', 'lead': 'Новые форматы контента и локальные шоу оказывают позитивное влияние на привлечение аудитории.', 'bullets': ['Рост подписчиков в ключевых регионах', 'Улучшение показателей удержания', 'Платформы инвестируют в нишевый контент'], 'quote': '«Локализация даёт знакомый опыт для зрителя», — отметил медиаменеджер.'}",streaming_sub_growth_oct2025
Agriculture: fertiliser prices снижаются на улучшении логистики,0.26,Нормализация поставок сырья и логистики привела к снижению стоимости удобрений на мировом рынке.,"['fertiliser', 'agriculture', 'commodities']","['Reuters', 'AgriNews']",2025-10-01T08:00:00Z,"{'title': 'Цены на удобрения падают по мере нормализации поставок', 'lead': 'Снижение логистических барьеров и рост предложения снижает себестоимость удобрений и поддержит себестоимость сельхозпродукции.', 'bullets': ['Цены упали на 5–7%', 'Поставщики увеличивают запасы', 'Фермеры планируют повышенные закупки перед сезоном'], 'quote': '«Снижение цен облегчит давление на производителей», — сказал эксперт.'}",fertiliser_price_drop_oct2025
Venture capital: поздние стадии инвестиций становятся более осторожными,0.3,В условиях неопределённости фонды предпочитают консервативные раунды и усиливают due diligence.,"['venture capital', 'late stage', 'funding']","['TechCrunch', 'PitchBook']",2025-10-01T10:00:00Z,"{'title': 'VC фонды ужесточают подход к поздним стадиям инвестирования', 'lead': 'Фонды фокусируются на устойчивости бизнеса и реальном доходе компаний прежде чем вкладывать крупные суммы.', 'bullets': ['Увеличение требований к метрикам роста', 'Больше акцента на прибыльности и монетизации', 'Рынок поздних раундов охлаждается'], 'quote': '«Мы хотим видеть проверенные траектории роста», — сказал партнер фонда.'}",vc_late_stage_caution_oct2025
Commodities: wheat futures stabilize после волатильности,0.25,"Погода и логистика урегулировались, что снизило краткосрочную неопределённость по поставкам.","['wheat', 'commodities', 'agriculture']","['Reuters', 'USDA']",2025-10-01T07:30:00Z,"{'title': 'Фьючерсы на пшеницу стабилизируются после резких колебаний', 'lead': 'Урегулирование логистических вопросов снизило степень неопределённости на рынке зерновых.', 'bullets': ['Цены больше не демонстрируют резких скачков', 'Запасы на ключевых хабах возвращаются к норме', 'Фермеры корректируют стратегии продаж'], 'quote': '«Рынок возвращается к более предсказуемой динамике», — сказал аналитик.'}",wheat_stabilization_oct2025
Consumer staples: defensive names укрепляются на фоне волатильности,0.27,"Инвесторы хеджируют портфели, увеличивая долю стабильных товарных компаний.","['consumer staples', 'defensive stocks', 'CPI']","['Reuters', 'Bloomberg']",2025-10-01T11:00:00Z,"{'title': 'Дефензивные потребительские компании получают приток капитала', 'lead': 'В условиях неопределённости инвесторы выбирают стабильный сектор с предсказуемыми денежными потоками.', 'bullets': ['Ротация в сторону компаний с низкой волатильностью', 'Акции производителей продуктов питания и бытовой химии растут', 'Инвесторы стремятся к дивидендной стабильности'], 'quote': '«В такие моменты defensive бумаги служат хорошим хеджем», — говорит портфельный менеджер.'}",consumer_staples_flow_oct2025
Healthcare insurers: merger talks спровоцировали рост сектора,0.45,Инсайдерская информация о возможном слиянии двух крупных страховщиков подняла цены на акции.,"['insurance', 'M&A', 'healthcare']","['WSJ', 'Reuters']",2025-10-01T09:00:00Z,"{'title': 'Рынок реагирует ростом на слухи о слиянии страховщиков здравоохранения', 'lead': 'Ожидания синергий и экономии на масштабе подогрели интерес к акциям сектора.', 'bullets': ['Акции кандидатов на слияние выросли на 6–8%', 'Рынок ожидает официального объявления', 'Регуляторное согласие — ключевой риск'], 'quote': '«Сделка могла бы изменить структуру рынка страхования», — сказал аналитик.'}",insurer_merger_talks_oct2025
Payments security: крупный провайдер сообщил о попытке взлома — акции в минусе,0.58,Новости о попытке взлома платежной платформы вызвали волну обеспокоенности по поводу безопасности данных.,"['payment security', 'cyberattack', 'provider']","['KrebsOnSecurity', 'Reuters']",2025-10-01T20:00:00Z,"{'title': 'Попытка взлома платежного провайдера ударила по акциям компании', 'lead': 'Безопасность платежей снова в фокусе инвесторов после сообщения о кибератаке.', 'bullets': ['Компания подтвердила инцидент — утечек клиентских данных пока нет', 'Аналитики оценивают потенциальные издержки на улучшение защиты', 'Пользователи внимательно следят за коммуникацией провайдера'], 'quote': '«Киберриски — существенная операционная угроза для платежных провайдеров», — заявил эксперт.'}",payment_provider_breach_attempt_oct2025
Green bonds: спрос растёт на фоне новых ESG-инициатив,0.34,Эмитенты выпускают зелёные облигации для финансирования инфраструктуры и энергоэффективных проектов — спрос солиден.,"['green bonds', 'ESG', 'sustainable finance']","['Climate Bonds Initiative', 'Bloomberg']",2025-10-01T10:00:00Z,"{'title': 'Спрос на зелёные облигации остаётся высоким', 'lead': 'Проекты в области чистой энергии продолжают привлекать долгосрочный капитал через green bonds.', 'bullets': ['Эмиссии закрываются быстро и с небольшой премией', 'Инвесторы ищут устойчивые инструменты с фиксированным доходом', 'Регуляторы стимулируют прозрачность в отрасли'], 'quote': '«Green bonds становятся мейнстримом для инфраструктурных проектов», — сказал аналитик.'}",green_bond_demand_oct2025
Mining: iron ore корректируется после резкого роста цен,0.3,Коррекция цены сырья отразилась на доходности горнодобывающих компаний и привела к некоторой распродаже.,"['iron ore', 'mining', 'commodities']","['Reuters', 'Metal Bulletin']",2025-10-01T07:00:00Z,"{'title': 'Цена на железную руду корректируется после недавнего бума', 'lead': 'Техническая коррекция и частичный отказ от риска привели к снижению котировок и давлению на акции майнеров.', 'bullets': ['Снижение фьючерсов на руду', 'Переоценка в секторе горнодобычи', 'Компании переоценивают CAPEX-планы'], 'quote': '«Рынок иногда нуждается в коррекции после быстрого подъёма», — пояснил трейдер.'}",iron_ore_correction_oct2025
Currency intervention rumours push local FX volatility up,0.37,Слухи о возможном вмешательстве центрального банка в валютный рынок усилили волатильность локальной валюты.,"['FX', 'currency intervention', 'central bank']","['Reuters', 'Local newswire']",2025-10-01T09:00:00Z,"{'title': 'Слухи об интервенции Центробанка подогрели волатильность валюты', 'lead': 'Реакция рынка привела к резким колебаниям курса на спотовом и форвардном рынках.', 'bullets': ['Инвесторы закрывают короткие позиции', 'Форвардные ставки растут', 'ЦБ пока не дал официальных комментариев'], 'quote': '«Слухи сами по себе стали причиной повышенной турбулентности», — отметил валютный стратег.'}",fx_intervention_rumours_oct2025
